Business: Place,
    Tennis: Sports & Recreation,
    Barbeque: Restaurant,
    Wine Bars: Wine Bar,
    Museums: History Museum,
    Coffee & Tea: Coffee Shop,
    Restaurants: Restaurant,
    Caribbean: Restaurant,
    Landmarks & Historical Buildings: Landmarks and Outdoors,
    Bars: Bar,
    American (New): Restaurant,
    Breakfast & Brunch: Restaurant,
    Asian Fusion: Restaurant,
    Indian: Restaurant,
    Cocktail Bars: Cocktail Bar,
    Mexican: Restaurant,
    Cafes: Café,
    Patisserie/Cake Shop: Bakery,
    Soul Food: Restaurant,
    Ice Cream & Frozen Yogurt: Dessert Shop,
    African: Restaurant,
    Local Flavor: Landmarks and Outdoors,
    Modern European: Restaurant,
    Vegan: Restaurant,
    Thai: Restaurant,
    French: Restaurant,
    Sandwiches: Restaurant,
    Pizza: Restaurant,
    American (Traditional): Restaurant,
    Custom Cakes: Bakery,
    Gay Bars: Bar,
    Ethiopian: Restaurant,
    Speakeasies: Bar,
    Lounges: Bar,
    Korean: Restaurant,
    Southern: Restaurant,
    Burgers: Restaurant,
    Chicken Wings: Fried Chicken Joint,
    Seafood: Restaurant,
    Convenience Stores: Convenience Store,
    Bakeries: Bakery,
    Chinese: Restaurant,
    Cigar Bars: Bar,
    Juice Bars & Smoothies: Juice and Smoothie Bar,
    Fast Food: Restaurant,
    Cajun/Creole: Restaurant,
    Golf: Sports & Recreation,
    Food Trucks: Food Truck,
    Food Stands: Food Truck,
    Shaved Ice: Dessert Shop,
    Grocery: Grocery Store,
    Food Court: Restaurant,
    Cambodian: Restaurant,
    Waffles: Restaurant,
    Bubble Tea: Café,
    Desserts: Dessert Shop,
    Ramen: Restaurant,
    Salad: Restaurant,
    Vegetarian: Restaurant,
    Japanese: Restaurant,
    Italian: Restaurant,
    Sushi Bars: Restaurant,
    Donuts: Bakery,
    Mediterranean: Restaurant,
    Dim Sum: Restaurant,
    Afghan: Restaurant,
    Buffets: Buffet Restaurant,
    Cheesesteaks: Restaurant,
    Falafel: Restaurant,
    Music Venues: Music Venue,
    Cuban: Restaurant,
    Playgrounds: Playground,
    Caterers: Catering Service,
    Salvadoran: Restaurant,
    Tacos: Restaurant,
    Lakes: Park,
    Parks: Park,
    Beaches: Landmarks and Outdoors,
    Public Art: Arts and Entertainment,
    Delis: Deli,
    German: Restaurant,
    Street Vendors: Food Truck,
    Pubs: Bar,
    Hiking: Sports & Recreation,
    Festivals: Arts and Entertainment,
    Irish Pub: Bar,
    Hot Dogs: Restaurant,
    Nightlife: Night Club,
    Pan Asian: Restaurant,
    Greek: Restaurant,
    Steakhouses: Restaurant,
    Skate Parks: Sports & Recreation,
    Tapas Bars: Restaurant,
    Summer Camps: Youth Organization,
    Hookah Bars: Bar,
    Yelp Events: Arts and Entertainment,
    Churches: Church,
    Dog Parks: Park,
    Gelato: Dessert Shop,
    Tapas/Small Plates: Restaurant,
    Botanical Gardens: Landmarks and Outdoors,
    Dive Bars: Bar,
    Tours: Arts and Entertainment,
    Cafeteria: Café,
    Acai Bowls: Café,
    Cideries: Brewery,
    Sports Bars: Bar,
    Colombian: Restaurant,
    Outdoor Gear: Sporting Goods Store,
    Tea Rooms: Café,
    Bagels: Restaurant,
    Gastropubs: Bar,
    Tex-Mex: Restaurant,
    Funeral Services & Cemeteries: Cemetery,
    Beer Bar: Beer Bar,
    Bowling: Bowling Alley,
    Beer\, Wine & Spirits: Liquor Store,
    Food Delivery Services: Food Delivery Services,
    Latin American: Restaurant,
    Smokehouse: Restaurant,
    Szechuan: Restaurant,
    Children's Museums: Arts and Entertainment
